[{
    "success": true,
    "address": "127.0.0.1",
    "port": 8081,
    "config": {
        "name": "Reporting Microservice",
        "url": "http://localhost",
        "address": "127.0.0.1",
        "port": 8081
    }
}, {
    "success": true,
    "address": "127.0.0.1",
    "port": 8082,
    "config": {
        "name": "Inventory Microservice",
        "url": "http://localhost",
        "address": "127.0.0.1",
        "port": 8082
    }
}, {
    "errno": "ECONNREFUSED",
    "code": "ECONNREFUSED",
    "syscall": "connect",
    "address": "127.0.0.1",
    "port": 8083,
    "success": false,
    "config": {
        "name": "Shipping Microservice",
        "url": "http://localhost",
        "address": "127.0.0.1",
        "port": 8083
    }
}, {
    "errno": "ECONNREFUSED",
    "code": "ECONNREFUSED",
    "syscall": "connect",
    "address": "127.0.0.1",
    "port": 8084,
    "success": false,
    "config": {
        "name": "Users Microservice",
        "url": "http://localhost",
        "address": "127.0.0.1",
        "port": 8084
    }
}, {
    "success": true,
    "address": "127.0.0.1",
    "port": 8085,
    "config": {
        "name": "Messaging Microservice",
        "url": "http://localhost",
        "address": "127.0.0.1",
        "port": 8085
    }
}]